comparison,metric,n,mean,min,median,p95,p99,max
legacy_vs_primary_rgb,RGB_Euclidean,1926,15.96998586708177,0.25678569334881307,11.804482895934525,43.78720041554714,71.63403148679843,130.50551127817496
mean_vs_median_rgb,RGB_Euclidean,1965,7.670915120529423,0.34175064213529127,6.207722257861627,19.460905349215192,27.766571942675515,59.000791524859956
median_vs_hsv_joint_peak,DeltaE76,1965,3.8703782435412095,0.0,2.2951254862507375,12.189489493146974,21.90489156130751,33.80968871582735
median_vs_exposure_filtered_peak,DeltaE76,1963,3.749561162112408,0.0,2.2832011390962315,11.78010191776285,20.750811764405352,30.134957579964354
hsv_vs_alpha_joint_peak,DeltaE76,1965,0.18869501764543908,0.0,0.0,0.0,5.810087702037239,30.764075448720014
