"configuration","feature","role","hypothesis_direction","observed_focal_minus_white_neighbour","null_mean","null_sd","lower_95","upper_95","directional_or_two_sided_p","two_sided_p","maxT_FWER_p","observed_standardized_departure","n_null_draws"
"primary_10km_env1_all_white","local_population_rank","cell_population","greater",0.0517299961715159,0.00569238433817046,0.0342559760825618,-0.0594426522480695,0.0752959961741207,0.0859140859140859,0.171828171828172,0.275724275724276,1.343929354761,1000
"primary_10km_env1_all_white","population_5km_rank","population_5km","greater",0.0590304364471669,0.00553259251204726,0.0253092506993712,-0.0431107495320742,0.0542342633358856,0.021978021978022,0.043956043956044,0.0759240759240759,2.11376640780791,1000
"primary_10km_env1_all_white","population_10km_rank","population_10km","greater",0.0479533563042369,0.00586500015829622,0.0244727008476652,-0.0431742233646904,0.0569353735681938,0.043956043956044,0.0879120879120879,0.162837162837163,1.71980838600232,1000
"primary_10km_env1_all_white","population_25km_rank","population_25km","greater",0.00773433511995915,0.0031748862575539,0.00932227245094735,-0.0156229661179173,0.021766290806777,0.290709290709291,0.581418581418581,0.685314685314685,0.48909199837234,1000
"primary_10km_env1_all_white","population_50km_rank","population_50km","greater",0.00914130296069423,0.000983346302493937,0.00688214382128263,-0.0140347594435937,0.0146926787081601,0.104895104895105,0.20979020979021,0.348651348651349,1.18538014753082,1000
