"configuration","feature","role","hypothesis_direction","observed_focal_minus_white_neighbour","null_mean","null_sd","lower_95","upper_95","directional_or_two_sided_p","two_sided_p","maxT_FWER_p","observed_standardized_departure","n_null_draws"
"primary_10km_env1_all_white","observation_effort_rank","sampling_effort","two_sided",0.143492374936192,0.116073509092338,0.0765911760608474,-0.0324518670005127,0.269975901820657,0.707292707292707,0.707292707292707,0.998001998001998,0.357989878913356,1000
"primary_10km_env1_all_white","independent_site_support_rank","sampling_support","two_sided",0.109854756891271,0.118247324096276,0.0762382991817055,-0.0311991578681974,0.271924815868154,0.889110889110889,0.889110889110889,1,-0.110083347806619,1000
"primary_10km_env1_all_white","broad50km_pc1","environment_balance","two_sided",-0.0236661906839921,-0.00629933599631957,0.020875341899519,-0.0470870934979334,0.0355795450389439,0.395604395604396,0.395604395604396,0.914085914085914,-0.831931509015076,1000
"primary_10km_env1_all_white","broad50km_pc2","environment_balance","two_sided",-0.0114155483384293,-0.00351539459066526,0.0141926215273094,-0.031855387726626,0.0252826518228146,0.529470529470529,0.529470529470529,0.983016983016983,-0.556638090613674,1000
"primary_10km_env1_all_white","within50km_pc1","environment_balance","two_sided",0.118065024361928,0.0278003491835251,0.174220077009185,-0.312106771961185,0.358826021614417,0.603396603396603,0.603396603396603,0.989010989010989,0.518107193659682,1000
"primary_10km_env1_all_white","within50km_pc2","environment_balance","two_sided",0.171271658917882,0.0660313520713437,0.142933873771662,-0.230065291040603,0.332301361797285,0.457542457542458,0.457542457542458,0.947052947052947,0.736286676275634,1000
