species,file,sha256,crs,res_x,res_y,xmin,xmax,ymin,ymax,ncol,nrow,nodata,datatype,valid_cells,total_cells,min,max,value_semantics,model_output,provenance_status,notes
ardens,ardens.tif,194f04bb2035f50c08b9e079bcfd6c4b1b8fa86250c6666841ee9018f31d54e9,EPSG:4326,0.0083333333,0.0083333333,128.59985987675003,142.06652648955003,30.22486063025001,41.54986058495001,1616,1359,NaN,FLT4S,381606,2196144,0.001139976899139583,0.9999979734420776,continuous_habitat_suitability,maxnet_cloglog,legacy_unverifiable,Structurally validated; occurrence data model object and evaluation artefacts are not published
beaticola,beaticola.tif,41a70295a21c15fad51afa0766b1633f4e147a7fbae9b1058340ef2bd2a2ed9d,EPSG:4326,0.0083333333,0.0083333333,128.59985987675003,142.06652648955003,30.22486063025001,41.54986058495001,1616,1359,NaN,FLT4S,381606,2196144,0.000004995407834940124,1,continuous_habitat_suitability,maxnet_cloglog,legacy_unverifiable,Structurally validated; occurrence data model object and evaluation artefacts are not published
consobrinus,consobrinus.tif,65d4b21a885a816b73c76ccad0e05a9d4420da5ce327fb0867aa8f3cef5b2656,EPSG:4326,0.0083333333,0.0083333333,128.59985987675003,142.06652648955003,30.22486063025001,41.54986058495001,1616,1359,NaN,FLT4S,381606,2196144,0.0000000002006522725750415,1,continuous_habitat_suitability,maxnet_cloglog,legacy_unverifiable,Structurally validated; occurrence data model object and evaluation artefacts are not published
diversus,diversus.tif,2e16ec6e53022bdd56abb9f17c96ea1dcd4ecfe2b085af41985a3fae810ab5b5,EPSG:4326,0.0083333333,0.0083333333,128.59985987675003,142.06652648955003,30.22486063025001,41.54986058495001,1616,1359,NaN,FLT4S,381606,2196144,0.005408956669270992,0.9999916553497314,continuous_habitat_suitability,maxnet_cloglog,legacy_unverifiable,Structurally validated; occurrence data model object and evaluation artefacts are not published
honshuensis,honshuensis.tif,8f1e9cc9a4883eaa43669d084444028bda38776fc68fb9e23af908262dd784f1,EPSG:4326,0.0083333333,0.0083333333,128.59985987675003,142.06652648955003,30.22486063025001,41.54986058495001,1616,1359,NaN,FLT4S,381606,2196144,0.0000576995917072054,0.9999943375587463,continuous_habitat_suitability,maxnet_cloglog,legacy_unverifiable,Structurally validated; occurrence data model object and evaluation artefacts are not published
