"conversion","records","delta_L_mean","delta_a_mean","delta_b_mean","deltaE76_median","deltaE76_p95","deltaE76_max"
"grDevices_convertColor_minus_explicit_IEC_sRGB_D65",1963,0.0167668761366903,-0.0117325923187629,0.0292094252576544,0.0415708746717377,0.149600387932138,0.376379996415055
