"qc_scenario","method","common_records","delta_L_mean","delta_L_median","delta_a_mean","delta_a_median","delta_b_mean","delta_b_median","deltaE76_median","deltaE76_p95","deltaE76_max","a_pearson","a_spearman","primary_reference_PC1_pearson"
"inclusive","legacy",1924,-0.453739652976858,-0.771716527687325,-0.565022022275225,-0.325157650580499,0.513651311666227,0.548272639931879,3.33747494510188,10.3390084216872,27.5762240159843,0.992481515530583,0.991563104790869,0.992014628411687
