"variable","PC1_loading","center","scale","explained_variance_PC1","anchor"
"L",-0.555988818403422,76.1815705291066,13.4382885883272,0.781265827294333,"a"
"a",0.618202149993352,11.2692793262613,15.9716517785763,0.781265827294333,"a"
"b",-0.55561005710297,-7.6505987547509,12.1648604436645,0.781265827294333,"a"
