"model","n","rmse","mae","q2","bombus_beta","delta_q2"
"Bombus_suitability_sum",1850,42.1936600925033,26.505571429224,-6.58931558238261,5.97930529643002,3.41612089783661
"Bombus_any_availability",1850,47.2629829650418,29.9121720026294,-8.52248876629412,3.17276569695255,1.4829477139251
"Bombus_max_availability",1850,47.6784030322706,30.4237757595924,-8.69062110403257,3.48205948743825,1.31481537618666
"none",1850,50.8100391539833,32.4884494420502,-10.0054364802192,NA,0
