"index","cor_longitude","cor_latitude","cor_spatial_axis1","cor_DOY"
"spatial_widespread",0.373114062720372,0.212378284364303,-0.307476793418531,-0.0254081231935209
"spatial_montane",0.272038298637501,0.228184996003762,-0.262696951369895,0.661113553719999
