"configuration","feature","role","hypothesis_direction","observed_focal_minus_white_neighbour","null_mean","null_sd","lower_95","upper_95","directional_or_two_sided_p","two_sided_p","maxT_FWER_p","observed_standardized_departure","n_null_draws"
"primary_10km_env1_all_white","did_proximity_rank","dense_settlement_proximity","greater",0.0491760783563042,0.00642554620201654,0.0257796952437295,-0.0440177181324291,0.0616420321957267,0.0559440559440559,0.111888111888112,0.160839160839161,1.65830246440505,1000
"primary_10km_env1_all_white","did_within_5km","within_5km_did","greater",0.0552083333333333,-0.00705340989894924,0.0919996325044396,-0.185083994708995,0.183365384615385,0.232767232767233,0.465534465534466,0.635364635364635,0.676760781944189,1000
"primary_10km_env1_all_white","did_within_10km","within_10km_did","greater",0.0958333333333333,0.00842354687335617,0.0710854289145599,-0.138946886446886,0.148491071428571,0.0869130869130869,0.173826173826174,0.331668331668332,1.22964421534318,1000
"primary_10km_env1_all_white","did_aligned_population_score","population_did_alignment","greater",0.0541032574017355,0.00597906935703189,0.0234056859396528,-0.0374346331475563,0.0557537487238387,0.028971028971029,0.0579420579420579,0.0839160839160839,2.05608962577652,1000
"primary_10km_env1_all_white","populated_beyond_did_score","population_outside_did","greater",-0.00306911358871414,0.000954011771712121,0.0159553209552116,-0.0318413302641993,0.0310253246951903,0.609390609390609,0.783216783216783,0.98001998001998,-0.252149447304736,1000
